{
    "logs": [
        {
            "outputFile": "C:\\Users\\INFO2\\AndroidStudioProjects\\taiyo_mobile\\app\\build\\intermediates\\incremental\\mergeDebugResources\\merged.dir\\values-ur\\values-ur.xml",
            "map": [
                {
                    "source": "C:\\Users\\INFO2\\.gradle\\caches\\transforms-1\\files-1.1\\core-1.0.0.aar\\7c809b364e46e8a4fe580eba41e45d7e\\res\\values-ur\\values-ur.xml",
                    "from": {
                        "startLines": "2",
                        "startColumns": "4",
                        "startOffsets": "55",
                        "endColumns": "100",
                        "endOffsets": "151"
                    },
                    "to": {
                        "startLines": "30",
                        "startColumns": "4",
                        "startOffsets": "2904",
                        "endColumns": "100",
                        "endOffsets": "3000"
                    }
                },
                {
                    "source": "C:\\Users\\INFO2\\.gradle\\caches\\transforms-1\\files-1.1\\appcompat-1.0.0.aar\\0d90d93e788c657d144bfef4ce543429\\res\\values-ur\\values-ur.xml",
                    "from": {
                        "startLines": "2,3,4,5,6,7,8,9,10,11,12,13,14,15,16,17,18,19,20,21,22,23,24,25,26,27,28,29",
                        "startColumns": "4,4,4,4,4,4,4,4,4,4,4,4,4,4,4,4,4,4,4,4,4,4,4,4,4,4,4,4",
                        "startOffsets": "105,215,321,430,516,620,740,816,892,984,1078,1174,1268,1370,1464,1560,1654,1746,1838,1923,2031,2140,2242,2353,2453,2561,2726,2824",
                        "endColumns": "109,105,108,85,103,119,75,75,91,93,95,93,101,93,95,93,91,91,84,107,108,101,110,99,107,164,97,79",
                        "endOffsets": "210,316,425,511,615,735,811,887,979,1073,1169,1263,1365,1459,1555,1649,1741,1833,1918,2026,2135,2237,2348,2448,2556,2721,2819,2899"
                    }
                }
            ]
        }
    ]
}