{
    "logs": [
        {
            "outputFile": "C:\\Users\\INFO2\\AndroidStudioProjects\\taiyo_mobile\\app\\build\\intermediates\\incremental\\mergeDebugResources\\merged.dir\\values-v24\\values-v24.xml",
            "map": [
                {
                    "source": "C:\\Users\\INFO2\\.gradle\\caches\\transforms-1\\files-1.1\\appcompat-1.0.0.aar\\0d90d93e788c657d144bfef4ce543429\\res\\values-v24\\values-v24.xml",
                    "from": {
                        "startLines": "2,3",
                        "startColumns": "4,4",
                        "startOffsets": "55,212",
                        "endColumns": "156,134",
                        "endOffsets": "207,342"
                    }
                }
            ]
        }
    ]
}