{
    "logs": [
        {
            "outputFile": "C:\\Users\\INFO2\\AndroidStudioProjects\\taiyo_mobile\\app\\build\\intermediates\\incremental\\mergeDebugResources\\merged.dir\\values-watch-v21\\values-watch-v21.xml",
            "map": [
                {
                    "source": "C:\\Users\\INFO2\\.gradle\\caches\\transforms-1\\files-1.1\\appcompat-1.0.0.aar\\0d90d93e788c657d144bfef4ce543429\\res\\values-watch-v21\\values-watch-v21.xml",
                    "from": {
                        "startLines": "2,6,10",
                        "startColumns": "4,4,4",
                        "startOffsets": "55,271,499",
                        "endLines": "5,9,13",
                        "endColumns": "12,12,12",
                        "endOffsets": "266,494,724"
                    }
                }
            ]
        }
    ]
}