{
    "logs": [
        {
            "outputFile": "C:\\Users\\INFO2\\AndroidStudioProjects\\taiyo_mobile\\app\\build\\intermediates\\incremental\\mergeDebugResources\\merged.dir\\values-nl\\values-nl.xml",
            "map": [
                {
                    "source": "C:\\Users\\INFO2\\.gradle\\caches\\transforms-1\\files-1.1\\core-1.0.0.aar\\7c809b364e46e8a4fe580eba41e45d7e\\res\\values-nl\\values-nl.xml",
                    "from": {
                        "startLines": "2",
                        "startColumns": "4",
                        "startOffsets": "55",
                        "endColumns": "100",
                        "endOffsets": "151"
                    },
                    "to": {
                        "startLines": "30",
                        "startColumns": "4",
                        "startOffsets": "2921",
                        "endColumns": "100",
                        "endOffsets": "3017"
                    }
                },
                {
                    "source": "C:\\Users\\INFO2\\.gradle\\caches\\transforms-1\\files-1.1\\appcompat-1.0.0.aar\\0d90d93e788c657d144bfef4ce543429\\res\\values-nl\\values-nl.xml",
                    "from": {
                        "startLines": "2,3,4,5,6,7,8,9,10,11,12,13,14,15,16,17,18,19,20,21,22,23,24,25,26,27,28,29",
                        "startColumns": "4,4,4,4,4,4,4,4,4,4,4,4,4,4,4,4,4,4,4,4,4,4,4,4,4,4,4,4",
                        "startOffsets": "105,223,328,435,521,629,749,826,903,995,1089,1190,1284,1385,1479,1575,1670,1762,1854,1936,2047,2151,2250,2365,2478,2581,2736,2839",
                        "endColumns": "117,104,106,85,107,119,76,76,91,93,100,93,100,93,95,94,91,91,81,110,103,98,114,112,102,154,102,81",
                        "endOffsets": "218,323,430,516,624,744,821,898,990,1084,1185,1279,1380,1474,1570,1665,1757,1849,1931,2042,2146,2245,2360,2473,2576,2731,2834,2916"
                    }
                }
            ]
        }
    ]
}