{
    "logs": [
        {
            "outputFile": "C:\\Users\\INFO2\\AndroidStudioProjects\\taiyo_mobile\\app\\build\\intermediates\\incremental\\mergeDebugResources\\merged.dir\\values-uz\\values-uz.xml",
            "map": [
                {
                    "source": "C:\\Users\\INFO2\\.gradle\\caches\\transforms-1\\files-1.1\\core-1.0.0.aar\\7c809b364e46e8a4fe580eba41e45d7e\\res\\values-uz\\values-uz.xml",
                    "from": {
                        "startLines": "2",
                        "startColumns": "4",
                        "startOffsets": "55",
                        "endColumns": "100",
                        "endOffsets": "151"
                    },
                    "to": {
                        "startLines": "30",
                        "startColumns": "4",
                        "startOffsets": "2889",
                        "endColumns": "100",
                        "endOffsets": "2985"
                    }
                },
                {
                    "source": "C:\\Users\\INFO2\\.gradle\\caches\\transforms-1\\files-1.1\\appcompat-1.0.0.aar\\0d90d93e788c657d144bfef4ce543429\\res\\values-uz\\values-uz.xml",
                    "from": {
                        "startLines": "2,3,4,5,6,7,8,9,10,11,12,13,14,15,16,17,18,19,20,21,22,23,24,25,26,27,28,29",
                        "startColumns": "4,4,4,4,4,4,4,4,4,4,4,4,4,4,4,4,4,4,4,4,4,4,4,4,4,4,4,4",
                        "startOffsets": "105,210,314,428,514,614,730,810,889,980,1073,1169,1263,1358,1451,1546,1641,1732,1824,1908,2017,2124,2225,2333,2438,2545,2706,2805",
                        "endColumns": "104,103,113,85,99,115,79,78,90,92,95,93,94,92,94,94,90,91,83,108,106,100,107,104,106,160,98,83",
                        "endOffsets": "205,309,423,509,609,725,805,884,975,1068,1164,1258,1353,1446,1541,1636,1727,1819,1903,2012,2119,2220,2328,2433,2540,2701,2800,2884"
                    }
                }
            ]
        }
    ]
}