{
    "logs": [
        {
            "outputFile": "C:\\Users\\INFO2\\AndroidStudioProjects\\taiyo_mobile\\app\\build\\intermediates\\incremental\\mergeDebugResources\\merged.dir\\values-v22\\values-v22.xml",
            "map": [
                {
                    "source": "C:\\Users\\INFO2\\.gradle\\caches\\transforms-1\\files-1.1\\appcompat-1.0.0.aar\\0d90d93e788c657d144bfef4ce543429\\res\\values-v22\\values-v22.xml",
                    "from": {
                        "startLines": "2,3,4,9",
                        "startColumns": "4,4,4,4",
                        "startOffsets": "55,130,217,553",
                        "endLines": "2,3,8,13",
                        "endColumns": "74,86,12,12",
                        "endOffsets": "125,212,548,896"
                    }
                }
            ]
        }
    ]
}