{
    "logs": [
        {
            "outputFile": "C:\\Users\\INFO2\\AndroidStudioProjects\\taiyo_mobile\\app\\build\\intermediates\\incremental\\mergeDebugResources\\merged.dir\\values-eu\\values-eu.xml",
            "map": [
                {
                    "source": "C:\\Users\\INFO2\\.gradle\\caches\\transforms-1\\files-1.1\\core-1.0.0.aar\\7c809b364e46e8a4fe580eba41e45d7e\\res\\values-eu\\values-eu.xml",
                    "from": {
                        "startLines": "2",
                        "startColumns": "4",
                        "startOffsets": "55",
                        "endColumns": "100",
                        "endOffsets": "151"
                    },
                    "to": {
                        "startLines": "30",
                        "startColumns": "4",
                        "startOffsets": "2938",
                        "endColumns": "100",
                        "endOffsets": "3034"
                    }
                },
                {
                    "source": "C:\\Users\\INFO2\\.gradle\\caches\\transforms-1\\files-1.1\\appcompat-1.0.0.aar\\0d90d93e788c657d144bfef4ce543429\\res\\values-eu\\values-eu.xml",
                    "from": {
                        "startLines": "2,3,4,5,6,7,8,9,10,11,12,13,14,15,16,17,18,19,20,21,22,23,24,25,26,27,28,29",
                        "startColumns": "4,4,4,4,4,4,4,4,4,4,4,4,4,4,4,4,4,4,4,4,4,4,4,4,4,4,4,4",
                        "startOffsets": "105,214,312,422,508,614,738,825,909,1001,1095,1192,1286,1388,1482,1578,1675,1767,1860,1942,2051,2161,2260,2369,2475,2586,2757,2856",
                        "endColumns": "108,97,109,85,105,123,86,83,91,93,96,93,101,93,95,96,91,92,81,108,109,98,108,105,110,170,98,81",
                        "endOffsets": "209,307,417,503,609,733,820,904,996,1090,1187,1281,1383,1477,1573,1670,1762,1855,1937,2046,2156,2255,2364,2470,2581,2752,2851,2933"
                    }
                }
            ]
        }
    ]
}