<component name="libraryTable">
  <library name="Gradle: androidx.vectordrawable:vectordrawable:1.0.0@aar">
    <CLASSES>
      <root url="jar://$USER_HOME$/.gradle/caches/transforms-1/files-1.1/vectordrawable-1.0.0.aar/5e434eea5096d9e6c3c65d601211d615/jars/classes.jar!/" />
      <root url="file://$USER_HOME$/.gradle/caches/transforms-1/files-1.1/vectordrawable-1.0.0.aar/5e434eea5096d9e6c3c65d601211d615/res" />
      <root url="file://$USER_HOME$/.gradle/caches/transforms-1/files-1.1/vectordrawable-1.0.0.aar/5e434eea5096d9e6c3c65d601211d615/AndroidManifest.xml" />
    </CLASSES>
    <JAVADOC />
    <SOURCES />
  </library>
</component>