<component name="libraryTable">
  <library name="Gradle: androidx.lifecycle:lifecycle-runtime:2.0.0@aar">
    <CLASSES>
      <root url="jar://$USER_HOME$/.gradle/caches/transforms-1/files-1.1/lifecycle-runtime-2.0.0.aar/64b219f03bdadad761cea42c0f2f9cf3/jars/classes.jar!/" />
      <root url="file://$USER_HOME$/.gradle/caches/transforms-1/files-1.1/lifecycle-runtime-2.0.0.aar/64b219f03bdadad761cea42c0f2f9cf3/res" />
      <root url="file://$USER_HOME$/.gradle/caches/transforms-1/files-1.1/lifecycle-runtime-2.0.0.aar/64b219f03bdadad761cea42c0f2f9cf3/AndroidManifest.xml" />
    </CLASSES>
    <JAVADOC />
    <SOURCES />
  </library>
</component>