<component name="libraryTable">
  <library name="Gradle: androidx.cardview:cardview:1.0.0@aar">
    <CLASSES>
      <root url="jar://$USER_HOME$/.gradle/caches/transforms-1/files-1.1/cardview-1.0.0.aar/75285dcafb3888b0196e66433f5af21e/jars/classes.jar!/" />
      <root url="file://$USER_HOME$/.gradle/caches/transforms-1/files-1.1/cardview-1.0.0.aar/75285dcafb3888b0196e66433f5af21e/res" />
      <root url="file://$USER_HOME$/.gradle/caches/transforms-1/files-1.1/cardview-1.0.0.aar/75285dcafb3888b0196e66433f5af21e/AndroidManifest.xml" />
    </CLASSES>
    <JAVADOC />
    <SOURCES />
  </library>
</component>