<component name="libraryTable">
  <library name="Gradle: androidx.documentfile:documentfile:1.0.0@aar">
    <CLASSES>
      <root url="jar://$USER_HOME$/.gradle/caches/transforms-1/files-1.1/documentfile-1.0.0.aar/e3b69cbd4b9e517f1c92395cc59c3c70/jars/classes.jar!/" />
      <root url="file://$USER_HOME$/.gradle/caches/transforms-1/files-1.1/documentfile-1.0.0.aar/e3b69cbd4b9e517f1c92395cc59c3c70/res" />
      <root url="file://$USER_HOME$/.gradle/caches/transforms-1/files-1.1/documentfile-1.0.0.aar/e3b69cbd4b9e517f1c92395cc59c3c70/AndroidManifest.xml" />
    </CLASSES>
    <JAVADOC />
    <SOURCES />
  </library>
</component>