<component name="libraryTable">
  <library name="Gradle: androidx.loader:loader:1.0.0@aar">
    <CLASSES>
      <root url="jar://$USER_HOME$/.gradle/caches/transforms-1/files-1.1/loader-1.0.0.aar/4b963ebe37c5ff1186b42778512718b6/jars/classes.jar!/" />
      <root url="file://$USER_HOME$/.gradle/caches/transforms-1/files-1.1/loader-1.0.0.aar/4b963ebe37c5ff1186b42778512718b6/res" />
      <root url="file://$USER_HOME$/.gradle/caches/transforms-1/files-1.1/loader-1.0.0.aar/4b963ebe37c5ff1186b42778512718b6/AndroidManifest.xml" />
    </CLASSES>
    <JAVADOC />
    <SOURCES />
  </library>
</component>