<component name="libraryTable">
  <library name="Gradle: androidx.core:core:1.0.0@aar">
    <ANNOTATIONS>
      <root url="jar://$USER_HOME$/.gradle/caches/transforms-1/files-1.1/core-1.0.0.aar/7c809b364e46e8a4fe580eba41e45d7e/annotations.zip!/" />
    </ANNOTATIONS>
    <CLASSES>
      <root url="jar://$USER_HOME$/.gradle/caches/transforms-1/files-1.1/core-1.0.0.aar/7c809b364e46e8a4fe580eba41e45d7e/jars/classes.jar!/" />
      <root url="file://$USER_HOME$/.gradle/caches/transforms-1/files-1.1/core-1.0.0.aar/7c809b364e46e8a4fe580eba41e45d7e/res" />
      <root url="file://$USER_HOME$/.gradle/caches/transforms-1/files-1.1/core-1.0.0.aar/7c809b364e46e8a4fe580eba41e45d7e/AndroidManifest.xml" />
    </CLASSES>
    <JAVADOC />
    <SOURCES />
  </library>
</component>