<component name="libraryTable">
  <library name="Gradle: androidx.legacy:legacy-support-core-utils:1.0.0@aar">
    <CLASSES>
      <root url="jar://$USER_HOME$/.gradle/caches/transforms-1/files-1.1/legacy-support-core-utils-1.0.0.aar/4accdaf219f38da2dfea1fe805c722a0/jars/classes.jar!/" />
      <root url="file://$USER_HOME$/.gradle/caches/transforms-1/files-1.1/legacy-support-core-utils-1.0.0.aar/4accdaf219f38da2dfea1fe805c722a0/res" />
      <root url="file://$USER_HOME$/.gradle/caches/transforms-1/files-1.1/legacy-support-core-utils-1.0.0.aar/4accdaf219f38da2dfea1fe805c722a0/AndroidManifest.xml" />
    </CLASSES>
    <JAVADOC />
    <SOURCES />
  </library>
</component>