<component name="libraryTable">
  <library name="Gradle: androidx.swiperefreshlayout:swiperefreshlayout:1.0.0@aar">
    <ANNOTATIONS>
      <root url="jar://$USER_HOME$/.gradle/caches/transforms-1/files-1.1/swiperefreshlayout-1.0.0.aar/9c7cc2bbe333775c4c056b06def619ad/annotations.zip!/" />
    </ANNOTATIONS>
    <CLASSES>
      <root url="jar://$USER_HOME$/.gradle/caches/transforms-1/files-1.1/swiperefreshlayout-1.0.0.aar/9c7cc2bbe333775c4c056b06def619ad/jars/classes.jar!/" />
      <root url="file://$USER_HOME$/.gradle/caches/transforms-1/files-1.1/swiperefreshlayout-1.0.0.aar/9c7cc2bbe333775c4c056b06def619ad/res" />
      <root url="file://$USER_HOME$/.gradle/caches/transforms-1/files-1.1/swiperefreshlayout-1.0.0.aar/9c7cc2bbe333775c4c056b06def619ad/AndroidManifest.xml" />
    </CLASSES>
    <JAVADOC />
    <SOURCES />
  </library>
</component>