<component name="libraryTable">
  <library name="Gradle: androidx.vectordrawable:vectordrawable-animated:1.0.0@aar">
    <CLASSES>
      <root url="jar://$USER_HOME$/.gradle/caches/transforms-1/files-1.1/vectordrawable-animated-1.0.0.aar/ca3d0662d359e49299ba7374ac8fcc95/jars/classes.jar!/" />
      <root url="file://$USER_HOME$/.gradle/caches/transforms-1/files-1.1/vectordrawable-animated-1.0.0.aar/ca3d0662d359e49299ba7374ac8fcc95/res" />
      <root url="file://$USER_HOME$/.gradle/caches/transforms-1/files-1.1/vectordrawable-animated-1.0.0.aar/ca3d0662d359e49299ba7374ac8fcc95/AndroidManifest.xml" />
    </CLASSES>
    <JAVADOC />
    <SOURCES />
  </library>
</component>