<component name="libraryTable">
  <library name="Gradle: androidx.legacy:legacy-support-core-ui:1.0.0@aar">
    <CLASSES>
      <root url="jar://$USER_HOME$/.gradle/caches/transforms-1/files-1.1/legacy-support-core-ui-1.0.0.aar/66a7894de55e2ea5f17a0cf6fed30226/jars/classes.jar!/" />
      <root url="file://$USER_HOME$/.gradle/caches/transforms-1/files-1.1/legacy-support-core-ui-1.0.0.aar/66a7894de55e2ea5f17a0cf6fed30226/res" />
      <root url="file://$USER_HOME$/.gradle/caches/transforms-1/files-1.1/legacy-support-core-ui-1.0.0.aar/66a7894de55e2ea5f17a0cf6fed30226/AndroidManifest.xml" />
    </CLASSES>
    <JAVADOC />
    <SOURCES />
  </library>
</component>