<component name="libraryTable">
  <library name="Gradle: androidx.lifecycle:lifecycle-livedata:2.0.0@aar">
    <CLASSES>
      <root url="jar://$USER_HOME$/.gradle/caches/transforms-1/files-1.1/lifecycle-livedata-2.0.0.aar/668ed6cfbb23c32d6396310ca6979734/jars/classes.jar!/" />
      <root url="file://$USER_HOME$/.gradle/caches/transforms-1/files-1.1/lifecycle-livedata-2.0.0.aar/668ed6cfbb23c32d6396310ca6979734/res" />
      <root url="file://$USER_HOME$/.gradle/caches/transforms-1/files-1.1/lifecycle-livedata-2.0.0.aar/668ed6cfbb23c32d6396310ca6979734/AndroidManifest.xml" />
    </CLASSES>
    <JAVADOC />
    <SOURCES />
  </library>
</component>