<component name="libraryTable">
  <library name="Gradle: androidx.lifecycle:lifecycle-livedata-core:2.0.0@aar">
    <CLASSES>
      <root url="jar://$USER_HOME$/.gradle/caches/transforms-1/files-1.1/lifecycle-livedata-core-2.0.0.aar/6734af8329f9c5b0004557308576bbd5/jars/classes.jar!/" />
      <root url="file://$USER_HOME$/.gradle/caches/transforms-1/files-1.1/lifecycle-livedata-core-2.0.0.aar/6734af8329f9c5b0004557308576bbd5/res" />
      <root url="file://$USER_HOME$/.gradle/caches/transforms-1/files-1.1/lifecycle-livedata-core-2.0.0.aar/6734af8329f9c5b0004557308576bbd5/AndroidManifest.xml" />
    </CLASSES>
    <JAVADOC />
    <SOURCES />
  </library>
</component>