<component name="libraryTable">
  <library name="Gradle: androidx.transition:transition:1.0.0@aar">
    <ANNOTATIONS>
      <root url="jar://$USER_HOME$/.gradle/caches/transforms-1/files-1.1/transition-1.0.0.aar/0c812f8953fdcc446e7cdc4c52a9a36f/annotations.zip!/" />
    </ANNOTATIONS>
    <CLASSES>
      <root url="jar://$USER_HOME$/.gradle/caches/transforms-1/files-1.1/transition-1.0.0.aar/0c812f8953fdcc446e7cdc4c52a9a36f/jars/classes.jar!/" />
      <root url="file://$USER_HOME$/.gradle/caches/transforms-1/files-1.1/transition-1.0.0.aar/0c812f8953fdcc446e7cdc4c52a9a36f/res" />
      <root url="file://$USER_HOME$/.gradle/caches/transforms-1/files-1.1/transition-1.0.0.aar/0c812f8953fdcc446e7cdc4c52a9a36f/AndroidManifest.xml" />
    </CLASSES>
    <JAVADOC />
    <SOURCES />
  </library>
</component>