<component name="libraryTable">
  <library name="Gradle: androidx.fragment:fragment:1.0.0@aar">
    <ANNOTATIONS>
      <root url="jar://$USER_HOME$/.gradle/caches/transforms-1/files-1.1/fragment-1.0.0.aar/53f2c275f49c6b3c0a79da663728365e/annotations.zip!/" />
    </ANNOTATIONS>
    <CLASSES>
      <root url="jar://$USER_HOME$/.gradle/caches/transforms-1/files-1.1/fragment-1.0.0.aar/53f2c275f49c6b3c0a79da663728365e/jars/classes.jar!/" />
      <root url="file://$USER_HOME$/.gradle/caches/transforms-1/files-1.1/fragment-1.0.0.aar/53f2c275f49c6b3c0a79da663728365e/res" />
      <root url="file://$USER_HOME$/.gradle/caches/transforms-1/files-1.1/fragment-1.0.0.aar/53f2c275f49c6b3c0a79da663728365e/AndroidManifest.xml" />
    </CLASSES>
    <JAVADOC />
    <SOURCES />
  </library>
</component>