<component name="libraryTable">
  <library name="Gradle: androidx.coordinatorlayout:coordinatorlayout:1.0.0@aar">
    <ANNOTATIONS>
      <root url="jar://$USER_HOME$/.gradle/caches/transforms-1/files-1.1/coordinatorlayout-1.0.0.aar/5b9c50d27760135b9769dc2dfd01460f/annotations.zip!/" />
    </ANNOTATIONS>
    <CLASSES>
      <root url="jar://$USER_HOME$/.gradle/caches/transforms-1/files-1.1/coordinatorlayout-1.0.0.aar/5b9c50d27760135b9769dc2dfd01460f/jars/classes.jar!/" />
      <root url="file://$USER_HOME$/.gradle/caches/transforms-1/files-1.1/coordinatorlayout-1.0.0.aar/5b9c50d27760135b9769dc2dfd01460f/res" />
      <root url="file://$USER_HOME$/.gradle/caches/transforms-1/files-1.1/coordinatorlayout-1.0.0.aar/5b9c50d27760135b9769dc2dfd01460f/AndroidManifest.xml" />
    </CLASSES>
    <JAVADOC />
    <SOURCES />
  </library>
</component>