<component name="libraryTable">
  <library name="Gradle: com.google.android.material:material:1.0.0@aar">
    <ANNOTATIONS>
      <root url="jar://$USER_HOME$/.gradle/caches/transforms-1/files-1.1/material-1.0.0.aar/f0608a4d2d05b8fd24e51c0a01d3fd3a/annotations.zip!/" />
    </ANNOTATIONS>
    <CLASSES>
      <root url="jar://$USER_HOME$/.gradle/caches/transforms-1/files-1.1/material-1.0.0.aar/f0608a4d2d05b8fd24e51c0a01d3fd3a/jars/classes.jar!/" />
      <root url="file://$USER_HOME$/.gradle/caches/transforms-1/files-1.1/material-1.0.0.aar/f0608a4d2d05b8fd24e51c0a01d3fd3a/res" />
      <root url="file://$USER_HOME$/.gradle/caches/transforms-1/files-1.1/material-1.0.0.aar/f0608a4d2d05b8fd24e51c0a01d3fd3a/AndroidManifest.xml" />
    </CLASSES>
    <JAVADOC />
    <SOURCES />
  </library>
</component>