<component name="libraryTable">
  <library name="Gradle: androidx.asynclayoutinflater:asynclayoutinflater:1.0.0@aar">
    <CLASSES>
      <root url="jar://$USER_HOME$/.gradle/caches/transforms-1/files-1.1/asynclayoutinflater-1.0.0.aar/d06df53a1f486dfc41f0415a0afe2146/jars/classes.jar!/" />
      <root url="file://$USER_HOME$/.gradle/caches/transforms-1/files-1.1/asynclayoutinflater-1.0.0.aar/d06df53a1f486dfc41f0415a0afe2146/res" />
      <root url="file://$USER_HOME$/.gradle/caches/transforms-1/files-1.1/asynclayoutinflater-1.0.0.aar/d06df53a1f486dfc41f0415a0afe2146/AndroidManifest.xml" />
    </CLASSES>
    <JAVADOC />
    <SOURCES />
  </library>
</component>