<component name="libraryTable">
  <library name="Gradle: androidx.recyclerview:recyclerview:1.0.0@aar">
    <ANNOTATIONS>
      <root url="jar://$USER_HOME$/.gradle/caches/transforms-1/files-1.1/recyclerview-1.0.0.aar/ed4336cad70e436deddcd123419b86c1/annotations.zip!/" />
    </ANNOTATIONS>
    <CLASSES>
      <root url="jar://$USER_HOME$/.gradle/caches/transforms-1/files-1.1/recyclerview-1.0.0.aar/ed4336cad70e436deddcd123419b86c1/jars/classes.jar!/" />
      <root url="file://$USER_HOME$/.gradle/caches/transforms-1/files-1.1/recyclerview-1.0.0.aar/ed4336cad70e436deddcd123419b86c1/res" />
      <root url="file://$USER_HOME$/.gradle/caches/transforms-1/files-1.1/recyclerview-1.0.0.aar/ed4336cad70e436deddcd123419b86c1/AndroidManifest.xml" />
    </CLASSES>
    <JAVADOC />
    <SOURCES />
  </library>
</component>