<component name="libraryTable">
  <library name="Gradle: androidx.customview:customview:1.0.0@aar">
    <CLASSES>
      <root url="jar://$USER_HOME$/.gradle/caches/transforms-1/files-1.1/customview-1.0.0.aar/fbcfb563ebb74802103e708c64fb4acb/jars/classes.jar!/" />
      <root url="file://$USER_HOME$/.gradle/caches/transforms-1/files-1.1/customview-1.0.0.aar/fbcfb563ebb74802103e708c64fb4acb/res" />
      <root url="file://$USER_HOME$/.gradle/caches/transforms-1/files-1.1/customview-1.0.0.aar/fbcfb563ebb74802103e708c64fb4acb/AndroidManifest.xml" />
    </CLASSES>
    <JAVADOC />
    <SOURCES />
  </library>
</component>