<component name="libraryTable">
  <library name="Gradle: androidx.interpolator:interpolator:1.0.0@aar">
    <CLASSES>
      <root url="jar://$USER_HOME$/.gradle/caches/transforms-1/files-1.1/interpolator-1.0.0.aar/076d8daa0239b3d09ca2fa15e0c85f22/jars/classes.jar!/" />
      <root url="file://$USER_HOME$/.gradle/caches/transforms-1/files-1.1/interpolator-1.0.0.aar/076d8daa0239b3d09ca2fa15e0c85f22/res" />
      <root url="file://$USER_HOME$/.gradle/caches/transforms-1/files-1.1/interpolator-1.0.0.aar/076d8daa0239b3d09ca2fa15e0c85f22/AndroidManifest.xml" />
    </CLASSES>
    <JAVADOC />
    <SOURCES />
  </library>
</component>