<component name="libraryTable">
  <library name="Gradle: androidx.versionedparcelable:versionedparcelable:1.0.0@aar">
    <CLASSES>
      <root url="jar://$USER_HOME$/.gradle/caches/transforms-1/files-1.1/versionedparcelable-1.0.0.aar/51056f5dde0f5074fe55e08d5d88b960/jars/classes.jar!/" />
      <root url="file://$USER_HOME$/.gradle/caches/transforms-1/files-1.1/versionedparcelable-1.0.0.aar/51056f5dde0f5074fe55e08d5d88b960/res" />
      <root url="file://$USER_HOME$/.gradle/caches/transforms-1/files-1.1/versionedparcelable-1.0.0.aar/51056f5dde0f5074fe55e08d5d88b960/AndroidManifest.xml" />
    </CLASSES>
    <JAVADOC />
    <SOURCES />
  </library>
</component>