<component name="libraryTable">
  <library name="Gradle: androidx.appcompat:appcompat:1.0.0@aar">
    <ANNOTATIONS>
      <root url="jar://$USER_HOME$/.gradle/caches/transforms-1/files-1.1/appcompat-1.0.0.aar/0d90d93e788c657d144bfef4ce543429/annotations.zip!/" />
    </ANNOTATIONS>
    <CLASSES>
      <root url="jar://$USER_HOME$/.gradle/caches/transforms-1/files-1.1/appcompat-1.0.0.aar/0d90d93e788c657d144bfef4ce543429/jars/classes.jar!/" />
      <root url="file://$USER_HOME$/.gradle/caches/transforms-1/files-1.1/appcompat-1.0.0.aar/0d90d93e788c657d144bfef4ce543429/res" />
      <root url="file://$USER_HOME$/.gradle/caches/transforms-1/files-1.1/appcompat-1.0.0.aar/0d90d93e788c657d144bfef4ce543429/AndroidManifest.xml" />
    </CLASSES>
    <JAVADOC />
    <SOURCES />
  </library>
</component>