<component name="libraryTable">
  <library name="Gradle: androidx.drawerlayout:drawerlayout:1.0.0@aar">
    <ANNOTATIONS>
      <root url="jar://$USER_HOME$/.gradle/caches/transforms-1/files-1.1/drawerlayout-1.0.0.aar/09c6de9749a46df19a55a8e2739c41f6/annotations.zip!/" />
    </ANNOTATIONS>
    <CLASSES>
      <root url="jar://$USER_HOME$/.gradle/caches/transforms-1/files-1.1/drawerlayout-1.0.0.aar/09c6de9749a46df19a55a8e2739c41f6/jars/classes.jar!/" />
      <root url="file://$USER_HOME$/.gradle/caches/transforms-1/files-1.1/drawerlayout-1.0.0.aar/09c6de9749a46df19a55a8e2739c41f6/res" />
      <root url="file://$USER_HOME$/.gradle/caches/transforms-1/files-1.1/drawerlayout-1.0.0.aar/09c6de9749a46df19a55a8e2739c41f6/AndroidManifest.xml" />
    </CLASSES>
    <JAVADOC />
    <SOURCES />
  </library>
</component>