<component name="libraryTable">
  <library name="Gradle: androidx.lifecycle:lifecycle-viewmodel:2.0.0@aar">
    <CLASSES>
      <root url="jar://$USER_HOME$/.gradle/caches/transforms-1/files-1.1/lifecycle-viewmodel-2.0.0.aar/f844f8d10ce32ac24a5d5c9d2f6bf7e6/jars/classes.jar!/" />
      <root url="file://$USER_HOME$/.gradle/caches/transforms-1/files-1.1/lifecycle-viewmodel-2.0.0.aar/f844f8d10ce32ac24a5d5c9d2f6bf7e6/res" />
      <root url="file://$USER_HOME$/.gradle/caches/transforms-1/files-1.1/lifecycle-viewmodel-2.0.0.aar/f844f8d10ce32ac24a5d5c9d2f6bf7e6/AndroidManifest.xml" />
    </CLASSES>
    <JAVADOC />
    <SOURCES />
  </library>
</component>