<component name="libraryTable">
  <library name="Gradle: androidx.arch.core:core-runtime:2.0.0@aar">
    <CLASSES>
      <root url="jar://$USER_HOME$/.gradle/caches/transforms-1/files-1.1/core-runtime-2.0.0.aar/c57cf648e220c02831b1d582c9a21afd/jars/classes.jar!/" />
      <root url="file://$USER_HOME$/.gradle/caches/transforms-1/files-1.1/core-runtime-2.0.0.aar/c57cf648e220c02831b1d582c9a21afd/res" />
      <root url="file://$USER_HOME$/.gradle/caches/transforms-1/files-1.1/core-runtime-2.0.0.aar/c57cf648e220c02831b1d582c9a21afd/AndroidManifest.xml" />
    </CLASSES>
    <JAVADOC />
    <SOURCES />
  </library>
</component>