<component name="libraryTable">
  <library name="Gradle: androidx.constraintlayout:constraintlayout:1.1.3@aar">
    <CLASSES>
      <root url="jar://$USER_HOME$/.gradle/caches/transforms-1/files-1.1/constraintlayout-1.1.3.aar/945d947a4e0b0f8265978ee773d06e12/jars/classes.jar!/" />
      <root url="file://$USER_HOME$/.gradle/caches/transforms-1/files-1.1/constraintlayout-1.1.3.aar/945d947a4e0b0f8265978ee773d06e12/res" />
      <root url="file://$USER_HOME$/.gradle/caches/transforms-1/files-1.1/constraintlayout-1.1.3.aar/945d947a4e0b0f8265978ee773d06e12/AndroidManifest.xml" />
    </CLASSES>
    <JAVADOC />
    <SOURCES />
  </library>
</component>