<component name="libraryTable">
  <library name="Gradle: androidx.print:print:1.0.0@aar">
    <ANNOTATIONS>
      <root url="jar://$USER_HOME$/.gradle/caches/transforms-1/files-1.1/print-1.0.0.aar/9eede86476b1214f6bb7a1694cf9b8ba/annotations.zip!/" />
    </ANNOTATIONS>
    <CLASSES>
      <root url="jar://$USER_HOME$/.gradle/caches/transforms-1/files-1.1/print-1.0.0.aar/9eede86476b1214f6bb7a1694cf9b8ba/jars/classes.jar!/" />
      <root url="file://$USER_HOME$/.gradle/caches/transforms-1/files-1.1/print-1.0.0.aar/9eede86476b1214f6bb7a1694cf9b8ba/res" />
      <root url="file://$USER_HOME$/.gradle/caches/transforms-1/files-1.1/print-1.0.0.aar/9eede86476b1214f6bb7a1694cf9b8ba/AndroidManifest.xml" />
    </CLASSES>
    <JAVADOC />
    <SOURCES />
  </library>
</component>