<component name="libraryTable">
  <library name="Gradle: androidx.localbroadcastmanager:localbroadcastmanager:1.0.0@aar">
    <CLASSES>
      <root url="jar://$USER_HOME$/.gradle/caches/transforms-1/files-1.1/localbroadcastmanager-1.0.0.aar/97e43e3d0fd98bf9a54067f754a1b57a/jars/classes.jar!/" />
      <root url="file://$USER_HOME$/.gradle/caches/transforms-1/files-1.1/localbroadcastmanager-1.0.0.aar/97e43e3d0fd98bf9a54067f754a1b57a/res" />
      <root url="file://$USER_HOME$/.gradle/caches/transforms-1/files-1.1/localbroadcastmanager-1.0.0.aar/97e43e3d0fd98bf9a54067f754a1b57a/AndroidManifest.xml" />
    </CLASSES>
    <JAVADOC />
    <SOURCES />
  </library>
</component>