<component name="libraryTable">
  <library name="Gradle: androidx.viewpager:viewpager:1.0.0@aar">
    <CLASSES>
      <root url="jar://$USER_HOME$/.gradle/caches/transforms-1/files-1.1/viewpager-1.0.0.aar/3ab5c4c203fd572d9a4d9b5dd081624e/jars/classes.jar!/" />
      <root url="file://$USER_HOME$/.gradle/caches/transforms-1/files-1.1/viewpager-1.0.0.aar/3ab5c4c203fd572d9a4d9b5dd081624e/res" />
      <root url="file://$USER_HOME$/.gradle/caches/transforms-1/files-1.1/viewpager-1.0.0.aar/3ab5c4c203fd572d9a4d9b5dd081624e/AndroidManifest.xml" />
    </CLASSES>
    <JAVADOC />
    <SOURCES />
  </library>
</component>