<component name="libraryTable">
  <library name="Gradle: androidx.slidingpanelayout:slidingpanelayout:1.0.0@aar">
    <CLASSES>
      <root url="jar://$USER_HOME$/.gradle/caches/transforms-1/files-1.1/slidingpanelayout-1.0.0.aar/7acfe8449d1f37c77bee8ddcc082583d/jars/classes.jar!/" />
      <root url="file://$USER_HOME$/.gradle/caches/transforms-1/files-1.1/slidingpanelayout-1.0.0.aar/7acfe8449d1f37c77bee8ddcc082583d/res" />
      <root url="file://$USER_HOME$/.gradle/caches/transforms-1/files-1.1/slidingpanelayout-1.0.0.aar/7acfe8449d1f37c77bee8ddcc082583d/AndroidManifest.xml" />
    </CLASSES>
    <JAVADOC />
    <SOURCES />
  </library>
</component>