<?xml version="1.0" encoding="UTF-8"?>
<project version="4">
  <component name="WizardSettings">
    <option name="children">
      <map>
        <entry key="imageWizard">
          <value>
            <PersistentState>
              <option name="children">
                <map>
                  <entry key="imageAssetPanel">
                    <value>
                      <PersistentState>
                        <option name="children">
                          <map>
                            <entry key="actionbar">
                              <value>
                                <PersistentState>
                                  <option name="children">
                                    <map>
                                      <entry key="clipArt">
                                        <value>
                                          <PersistentState>
                                            <option name="values">
                                              <map>
                                                <entry key="color" value="000000" />
                                              </map>
                                            </option>
                                          </PersistentState>
                                        </value>
                                      </entry>
                                    </map>
                                  </option>
                                  <option name="values">
                                    <map>
                                      <entry key="theme" value="HOLO_DARK" />
                                      <entry key="themeColor" value="ffffff" />
                                    </map>
                                  </option>
                                </PersistentState>
                              </value>
                            </entry>
                            <entry key="launcher">
                              <value>
                                <PersistentState>
                                  <option name="children">
                                    <map>
                                      <entry key="foregroundClipArt">
                                        <value>
                                          <PersistentState>
                                            <option name="values">
                                              <map>
                                                <entry key="color" value="000000" />
                                              </map>
                                            </option>
                                          </PersistentState>
                                        </value>
                                      </entry>
                                      <entry key="foregroundImage">
                                        <value>
                                          <PersistentState>
                                            <option name="values">
                                              <map>
                                                <entry key="color" value="000000" />
                                                <entry key="scalingPercent" value="80" />
                                              </map>
                                            </option>
                                          </PersistentState>
                                        </value>
                                      </entry>
                                    </map>
                                  </option>
                                  <option name="values">
                                    <map>
                                      <entry key="backgroundAssetType" value="COLOR" />
                                      <entry key="backgroundColor" value="fff8f6" />
                                      <entry key="foregroundImage" value="C:\Users\INFO2\Desktop\모바일 이미지\neo_icon_logo2.png" />
                                    </map>
                                  </option>
                                </PersistentState>
                              </value>
                            </entry>
                            <entry key="launcherLegacy">
                              <value>
                                <PersistentState>
                                  <option name="children">
                                    <map>
                                      <entry key="clipArt">
                                        <value>
                                          <PersistentState>
                                            <option name="values">
                                              <map>
                                                <entry key="color" value="000000" />
                                              </map>
                                            </option>
                                          </PersistentState>
                                        </value>
                                      </entry>
                                    </map>
                                  </option>
                                </PersistentState>
                              </value>
                            </entry>
                            <entry key="notification">
                              <value>
                                <PersistentState>
                                  <option name="children">
                                    <map>
                                      <entry key="clipArt">
                                        <value>
                                          <PersistentState>
                                            <option name="values">
                                              <map>
                                                <entry key="color" value="000000" />
                                              </map>
                                            </option>
                                          </PersistentState>
                                        </value>
                                      </entry>
                                    </map>
                                  </option>
                                </PersistentState>
                              </value>
                            </entry>
                          </map>
                        </option>
                      </PersistentState>
                    </value>
                  </entry>
                </map>
              </option>
            </PersistentState>
          </value>
        </entry>
        <entry key="vectorWizard">
          <value>
            <PersistentState />
          </value>
        </entry>
      </map>
    </option>
  </component>
</project>