<?xml version="1.0" encoding="UTF-8"?>
<project version="4">
  <component name="AndroidLayouts">
    <shared>
      <config />
    </shared>
  </component>
  <component name="AndroidLogFilters">
    <option name="TOOL_WINDOW_CONFIGURED_FILTER" value="No Filters" />
  </component>
  <component name="AutoImportSettings">
    <option name="autoReloadType" value="NONE" />
  </component>
  <component name="ChangeListManager">
    <list default="true" id="14019cb4-41cf-4da9-8790-51144d62ca5c" name="Default Changelist" comment="">
      <change beforePath="$PROJECT_DIR$/app/src/main/AndroidManifest.xml" beforeDir="false" afterPath="$PROJECT_DIR$/app/src/main/AndroidManifest.xml" afterDir="false" />
    </list>
    <option name="SHOW_DIALOG" value="false" />
    <option name="HIGHLIGHT_CONFLICTS" value="true" />
    <option name="HIGHLIGHT_NON_ACTIVE_CHANGELIST" value="false" />
    <option name="LAST_RESOLUTION" value="IGNORE" />
  </component>
  <component name="ExecutionTargetManager" SELECTED_TARGET="device_and_snapshot_combo_box_target[SerialNumber@QCB9XXWPA6012]" />
  <component name="ExternalProjectsData">
    <projectState path="$PROJECT_DIR$">
      <ProjectState />
    </projectState>
  </component>
  <component name="ExternalProjectsManager">
    <system id="GRADLE">
      <state>
        <projects_view>
          <tree_state>
            <expand>
              <path>
                <item name="" type="6a2764b6:ExternalProjectsStructure$RootNode" />
                <item name="ptk_mobile" type="f1a62948:ProjectNode" />
              </path>
            </expand>
            <select />
          </tree_state>
        </projects_view>
      </state>
    </system>
  </component>
  <component name="FileTemplateManagerImpl">
    <option name="RECENT_TEMPLATES">
      <list>
        <option value="resourceFile" />
      </list>
    </option>
  </component>
  <component name="GenerateSignedApkSettings">
    <option name="EXPORT_PRIVATE_KEY" value="false" />
    <option name="KEY_STORE_PATH" value="C:\Users\INFO2\AndroidStudioProjects\key\mobile_key\mobile_key.jks" />
    <option name="KEY_ALIAS" value="mobile_key" />
    <option name="REMEMBER_PASSWORDS" value="true" />
  </component>
  <component name="Git.Settings">
    <option name="RECENT_GIT_ROOT_PATH" value="$PROJECT_DIR$" />
  </component>
  <component name="ProjectId" id="2WsUX93eOUL04Z06x2JiBE3J06i" />
  <component name="ProjectLevelVcsManager" settingsEditedManually="true" />
  <component name="ProjectViewState">
    <option name="hideEmptyMiddlePackages" value="true" />
    <option name="showLibraryContents" value="true" />
  </component>
  <component name="PropertiesComponent">
    <property name="AnalyzeApkAction.lastApkPath" value="$PROJECT_DIR$/.." />
    <property name="DeviceAndSnapshotComboBoxAction.selectedDevice" value="VirtualDevicePath@C:\Users\INFO2\.android\avd\Nexus_5X_API_28.avd" />
    <property name="DeviceAndSnapshotComboBoxAction.selectionTime" value="2023-10-18T01:59:49.524068300Z" />
    <property name="ExportApk.ApkPath" value="C:\Users\INFO2\AndroidStudioProjects\ptk_mobile\apk\2.3" />
    <property name="ExportApk.BuildVariants" value="release" />
    <property name="SHARE_PROJECT_CONFIGURATION_FILES" value="true" />
    <property name="SearchEverywhereHistoryKey" value="&#9;FILE&#9;file://C:/Users/INFO2/AndroidStudioProjects/ptk_mobile/app/src/main/res/layout/mat_use_register.xml&#10;{&#9;null&#9;null" />
    <property name="android.sdk.path" value="$USER_HOME$/AppData/Local/Android/Sdk" />
    <property name="device.picker.selection" value="2209210039" />
    <property name="kotlin.migration.detection.enabled" value="false" />
    <property name="last_directory_selection" value="$PROJECT_DIR$/app/src/main/res/drawable" />
    <property name="last_opened_file_path" value="$PROJECT_DIR$" />
    <property name="project.structure.last.edited" value="Project" />
    <property name="project.structure.proportion" value="0.17" />
    <property name="project.structure.side.proportion" value="0.0" />
    <property name="settings.editor.selected.configurable" value="org.jetbrains.plugins.github.ui.GithubSettingsConfigurable" />
  </component>
  <component name="RecentsManager">
    <key name="MoveFile.RECENT_KEYS">
      <recent name="C:\Users\INFO2\AndroidStudioProjects\taiyo_mobile\app\src\main\java\com\erp\taiyo" />
      <recent name="C:\Users\INFO2\AndroidStudioProjects\ptk_mobile\app\src\main\res\drawable" />
      <recent name="C:\Users\INFO2\AndroidStudioProjects\neo_mobile\app\src\main\res\drawable-v24" />
      <recent name="C:\Users\INFO2\AndroidStudioProjects\neo_mobile\app\src\main\res\drawable" />
      <recent name="C:\Users\INFO2\AndroidStudioProjects\drk_220228\app\src\main\res\drawable" />
    </key>
    <key name="CopyClassDialog.RECENTS_KEY">
      <recent name="com.erp.drk_os.adapter" />
      <recent name="com.erp.drk_os.item" />
      <recent name="com.erp.drk_os.Dialog" />
      <recent name="com.erp.drk_os.activity.oe" />
      <recent name="com.erp.nbk.item" />
    </key>
    <key name="CopyFile.RECENT_KEYS">
      <recent name="C:\Users\INFO2\AndroidStudioProjects\ptk_mobile\app\src\main\res\layout" />
      <recent name="C:\Users\INFO2\AndroidStudioProjects\neo_mobile\app\src\main\res\drawable-v24" />
      <recent name="C:\Users\INFO2\AndroidStudioProjects\neo_mobile\app\src\main\res\layout" />
      <recent name="C:\Users\INFO2\AndroidStudioProjects\neo_mobile\app\src\main\res\anim" />
      <recent name="C:\Users\INFO2\AndroidStudioProjects\neo_mobile\app\src\main\res\values" />
    </key>
  </component>
  <component name="RunManager">
    <configuration default="true" type="AndroidJUnit" factoryName="Android JUnit">
      <option name="TEST_OBJECT" value="class" />
      <option name="WORKING_DIRECTORY" value="$MODULE_DIR$" />
      <method v="2">
        <option name="Android.Gradle.BeforeRunTask" enabled="true" />
      </method>
    </configuration>
    <configuration name="app" type="AndroidRunConfigurationType" factoryName="Android App" activateToolWindowBeforeRun="false">
      <module name="taiyo_mobile.app" />
      <option name="DEPLOY" value="true" />
      <option name="DEPLOY_APK_FROM_BUNDLE" value="false" />
      <option name="DEPLOY_AS_INSTANT" value="false" />
      <option name="ARTIFACT_NAME" value="" />
      <option name="PM_INSTALL_OPTIONS" value="" />
      <option name="ALL_USERS" value="false" />
      <option name="ALWAYS_INSTALL_WITH_PM" value="false" />
      <option name="DYNAMIC_FEATURES_DISABLED_LIST" value="" />
      <option name="ACTIVITY_EXTRA_FLAGS" value="" />
      <option name="MODE" value="default_activity" />
      <option name="CLEAR_LOGCAT" value="false" />
      <option name="SHOW_LOGCAT_AUTOMATICALLY" value="false" />
      <option name="SKIP_NOOP_APK_INSTALLATIONS" value="true" />
      <option name="FORCE_STOP_RUNNING_APP" value="true" />
      <option name="TARGET_SELECTION_MODE" value="SHOW_DIALOG" />
      <option name="SELECTED_CLOUD_MATRIX_CONFIGURATION_ID" value="-1" />
      <option name="SELECTED_CLOUD_MATRIX_PROJECT_ID" value="" />
      <option name="DEBUGGER_TYPE" value="Auto" />
      <Auto>
        <option name="USE_JAVA_AWARE_DEBUGGER" value="false" />
        <option name="SHOW_STATIC_VARS" value="true" />
        <option name="WORKING_DIR" value="" />
        <option name="TARGET_LOGGING_CHANNELS" value="lldb process:gdb-remote packets" />
        <option name="SHOW_OPTIMIZED_WARNING" value="true" />
      </Auto>
      <Hybrid>
        <option name="USE_JAVA_AWARE_DEBUGGER" value="false" />
        <option name="SHOW_STATIC_VARS" value="true" />
        <option name="WORKING_DIR" value="" />
        <option name="TARGET_LOGGING_CHANNELS" value="lldb process:gdb-remote packets" />
        <option name="SHOW_OPTIMIZED_WARNING" value="true" />
      </Hybrid>
      <Java />
      <Native>
        <option name="USE_JAVA_AWARE_DEBUGGER" value="false" />
        <option name="SHOW_STATIC_VARS" value="true" />
        <option name="WORKING_DIR" value="" />
        <option name="TARGET_LOGGING_CHANNELS" value="lldb process:gdb-remote packets" />
        <option name="SHOW_OPTIMIZED_WARNING" value="true" />
      </Native>
      <Profilers>
        <option name="ADVANCED_PROFILING_ENABLED" value="false" />
        <option name="STARTUP_PROFILING_ENABLED" value="false" />
        <option name="STARTUP_CPU_PROFILING_ENABLED" value="false" />
        <option name="STARTUP_CPU_PROFILING_CONFIGURATION_NAME" value="Sample Java Methods" />
        <option name="STARTUP_NATIVE_MEMORY_PROFILING_ENABLED" value="false" />
        <option name="NATIVE_MEMORY_SAMPLE_RATE_BYTES" value="2048" />
      </Profilers>
      <option name="DEEP_LINK" value="" />
      <option name="ACTIVITY_CLASS" value="" />
      <option name="SEARCH_ACTIVITY_IN_GLOBAL_SCOPE" value="false" />
      <option name="SKIP_ACTIVITY_VALIDATION" value="false" />
      <method v="2">
        <option name="Android.Gradle.BeforeRunTask" enabled="true" />
      </method>
    </configuration>
  </component>
  <component name="SpellCheckerSettings" RuntimeDictionaries="0" Folders="0" CustomDictionaries="0" DefaultDictionary="application-level" UseSingleDictionary="true" transferred="true" />
  <component name="SvnConfiguration">
    <configuration />
  </component>
  <component name="TaskManager">
    <task active="true" id="Default" summary="Default task">
      <changelist id="14019cb4-41cf-4da9-8790-51144d62ca5c" name="Default Changelist" comment="" />
      <created>1641860958729</created>
      <option name="number" value="Default" />
      <option name="presentableId" value="Default" />
      <updated>1641860958729</updated>
    </task>
    <task id="LOCAL-00001" summary="TEST 입니다.">
      <created>1697525834892</created>
      <option name="number" value="00001" />
      <option name="presentableId" value="LOCAL-00001" />
      <option name="project" value="LOCAL" />
      <updated>1697525834892</updated>
    </task>
    <task id="LOCAL-00002" summary="TEST 입니다. 두개 파일수정">
      <created>1697530082531</created>
      <option name="number" value="00002" />
      <option name="presentableId" value="LOCAL-00002" />
      <option name="project" value="LOCAL" />
      <updated>1697530082531</updated>
    </task>
    <task id="LOCAL-00003" summary="TEST 입니다. 두개 파일수정">
      <created>1697530616874</created>
      <option name="number" value="00003" />
      <option name="presentableId" value="LOCAL-00003" />
      <option name="project" value="LOCAL" />
      <updated>1697530616874</updated>
    </task>
    <task id="LOCAL-00004" summary="TEST 입니다. 두개 파일수정">
      <created>1697530701281</created>
      <option name="number" value="00004" />
      <option name="presentableId" value="LOCAL-00004" />
      <option name="project" value="LOCAL" />
      <updated>1697530701281</updated>
    </task>
    <task id="LOCAL-00005" summary="TEST 입니다. 두개 파일수정">
      <created>1697540164958</created>
      <option name="number" value="00005" />
      <option name="presentableId" value="LOCAL-00005" />
      <option name="project" value="LOCAL" />
      <updated>1697540164958</updated>
    </task>
    <task id="LOCAL-00006" summary="TEST 압축">
      <created>1697593557501</created>
      <option name="number" value="00006" />
      <option name="presentableId" value="LOCAL-00006" />
      <option name="project" value="LOCAL" />
      <updated>1697593557501</updated>
    </task>
    <task id="LOCAL-00007" summary="TEST PUSH TAIYO">
      <created>1697593759859</created>
      <option name="number" value="00007" />
      <option name="presentableId" value="LOCAL-00007" />
      <option name="project" value="LOCAL" />
      <updated>1697593759859</updated>
    </task>
    <option name="localTasksCounter" value="8" />
    <servers />
  </component>
  <component name="TodoView">
    <todo-panel id="selected-file">
      <is-autoscroll-to-source value="true" />
    </todo-panel>
    <todo-panel id="all">
      <are-packages-shown value="true" />
      <is-autoscroll-to-source value="true" />
    </todo-panel>
  </component>
  <component name="VcsManagerConfiguration">
    <ignored-roots>
      <path value="$PROJECT_DIR$" />
    </ignored-roots>
    <MESSAGE value="TEST 입니다." />
    <MESSAGE value="TEST 입니다. 두개 파일수정" />
    <MESSAGE value="TEST 압축" />
    <MESSAGE value="TEST PUSH TAIYO" />
    <option name="LAST_COMMIT_MESSAGE" value="TEST PUSH TAIYO" />
  </component>
  <component name="WindowStateProjectService">
    <state x="477" y="266" key="#PSD" timestamp="1697533790858">
      <screen x="0" y="0" width="1920" height="1040" />
    </state>
    <state x="477" y="266" key="#PSD/0.0.1920.1040/1920.490.1536.824/1920.-613.1920.1040@0.0.1920.1040" timestamp="1697533790858" />
    <state x="690" y="266" key="#com.intellij.refactoring.safeDelete.UnsafeUsagesDialog" timestamp="1697591421991">
      <screen x="0" y="0" width="1920" height="1040" />
    </state>
    <state x="690" y="266" key="#com.intellij.refactoring.safeDelete.UnsafeUsagesDialog/0.0.1920.1040/1920.490.1536.824/1920.-613.1920.1040@0.0.1920.1040" timestamp="1697591421991" />
    <state x="577" y="87" key="CommitChangelistDialog2" timestamp="1697593758564">
      <screen x="0" y="0" width="1920" height="1040" />
    </state>
    <state x="577" y="87" key="CommitChangelistDialog2/0.0.1920.1040/1920.490.1536.824/1920.-613.1920.1040@0.0.1920.1040" timestamp="1697593758564" />
    <state x="2497" y="-526" key="CommitChangelistDialog2/0.0.1920.1040/1920.490.1536.824/1920.-613.1920.1040@1920.-613.1920.1040" timestamp="1697540163563" />
    <state x="214" y="77" key="DiffContextDialog" timestamp="1697593540307">
      <screen x="0" y="0" width="1920" height="1040" />
    </state>
    <state x="214" y="77" key="DiffContextDialog/0.0.1920.1040/1920.490.1536.824/1920.-613.1920.1040@0.0.1920.1040" timestamp="1697593540307" />
    <state x="740" y="246" key="FileChooserDialogImpl" timestamp="1697593417236">
      <screen x="0" y="0" width="1920" height="1040" />
    </state>
    <state x="740" y="246" key="FileChooserDialogImpl/0.0.1920.1040/1920.490.1536.824/1920.-613.1920.1040@0.0.1920.1040" timestamp="1697593417236" />
    <state x="781" y="439" key="Github.CreateGistDialog" timestamp="1697525587117">
      <screen x="0" y="0" width="1920" height="1040" />
    </state>
    <state x="781" y="439" key="Github.CreateGistDialog/0.0.1920.1040/1920.490.1536.824/1920.-613.1920.1040@0.0.1920.1040" timestamp="1697525587117" />
    <state x="736" y="397" width="521" height="205" key="Github.ShareDialog" timestamp="1697593301593">
      <screen x="0" y="0" width="1920" height="1040" />
    </state>
    <state x="736" y="397" width="521" height="205" key="Github.ShareDialog/0.0.1920.1040/1920.490.1536.824/1920.-613.1920.1040@0.0.1920.1040" timestamp="1697593301593" />
    <state x="547" y="224" key="Github.UntrackedFilesDialog" timestamp="1697521244920">
      <screen x="0" y="0" width="1920" height="1040" />
    </state>
    <state x="547" y="224" key="Github.UntrackedFilesDialog/0.0.1920.1040/1920.490.1536.824/1920.-613.1920.1040@0.0.1920.1040" timestamp="1697521244920" />
    <state width="1877" height="184" key="GridCell.Tab.0.bottom" timestamp="1697604870007">
      <screen x="0" y="0" width="1920" height="1040" />
    </state>
    <state width="1877" height="184" key="GridCell.Tab.0.bottom/0.0.1920.1040/1920.490.1536.824/1920.-613.1920.1040@0.0.1920.1040" timestamp="1697604870007" />
    <state width="1877" height="184" key="GridCell.Tab.0.center" timestamp="1697604870007">
      <screen x="0" y="0" width="1920" height="1040" />
    </state>
    <state width="1877" height="184" key="GridCell.Tab.0.center/0.0.1920.1040/1920.490.1536.824/1920.-613.1920.1040@0.0.1920.1040" timestamp="1697604870007" />
    <state width="1877" height="184" key="GridCell.Tab.0.left" timestamp="1697604870007">
      <screen x="0" y="0" width="1920" height="1040" />
    </state>
    <state width="1877" height="184" key="GridCell.Tab.0.left/0.0.1920.1040/1920.490.1536.824/1920.-613.1920.1040@0.0.1920.1040" timestamp="1697604870007" />
    <state width="1877" height="184" key="GridCell.Tab.0.right" timestamp="1697604870007">
      <screen x="0" y="0" width="1920" height="1040" />
    </state>
    <state width="1877" height="184" key="GridCell.Tab.0.right/0.0.1920.1040/1920.490.1536.824/1920.-613.1920.1040@0.0.1920.1040" timestamp="1697604870007" />
    <state x="2607" y="-392" key="RollbackChangesDialog" timestamp="1697540132130">
      <screen x="1920" y="-613" width="1920" height="1040" />
    </state>
    <state x="2607" y="-392" key="RollbackChangesDialog/0.0.1920.1040/1920.490.1536.824/1920.-613.1920.1040@1920.-613.1920.1040" timestamp="1697540132130" />
    <state x="473" y="164" width="986" height="711" key="SettingsEditor" timestamp="1697593209645">
      <screen x="0" y="0" width="1920" height="1040" />
    </state>
    <state x="473" y="164" width="986" height="711" key="SettingsEditor/0.0.1920.1040/1920.490.1536.824/1920.-613.1920.1040@0.0.1920.1040" timestamp="1697593209645" />
    <state x="487" y="85" width="963" height="796" key="Vcs.Push.Dialog.v2" timestamp="1697593766044">
      <screen x="0" y="0" width="1920" height="1040" />
    </state>
    <state x="487" y="85" width="963" height="796" key="Vcs.Push.Dialog.v2/0.0.1920.1040/1920.490.1536.824/1920.-613.1920.1040@0.0.1920.1040" timestamp="1697593766044" />
    <state x="2407" y="-528" key="Vcs.Push.Dialog.v2/0.0.1920.1040/1920.490.1536.824/1920.-613.1920.1040@1920.-613.1920.1040" timestamp="1697540184716" />
    <state x="775" y="433" key="com.intellij.openapi.vcs.update.UpdateOrStatusOptionsDialogupdate-v2" timestamp="1697530627313">
      <screen x="0" y="0" width="1920" height="1040" />
    </state>
    <state x="775" y="433" key="com.intellij.openapi.vcs.update.UpdateOrStatusOptionsDialogupdate-v2/0.0.1920.1040/1920.490.1536.824/1920.-613.1920.1040@0.0.1920.1040" timestamp="1697530627313" />
    <state x="637" y="86" width="900" height="914" key="find.popup" timestamp="1697604730220">
      <screen x="0" y="0" width="1920" height="1040" />
    </state>
    <state x="637" y="86" width="900" height="914" key="find.popup/0.0.1920.1040/1920.490.1536.824/1920.-613.1920.1040@0.0.1920.1040" timestamp="1697604730220" />
    <state x="616" y="240" key="run.anything.popup" timestamp="1697604125608">
      <screen x="0" y="0" width="1920" height="1040" />
    </state>
    <state x="616" y="240" key="run.anything.popup/0.0.1920.1040/1920.490.1536.824/1920.-613.1920.1040@0.0.1920.1040" timestamp="1697604125608" />
  </component>
  <component name="XDebuggerManager">
    <breakpoint-manager>
      <breakpoints>
        <line-breakpoint type="java-line">
          <url>file://$PROJECT_DIR$/app/src/main/java/com/erp/ptk/activity/MainMergerActivity.java</url>
          <line>1318</line>
          <option name="timeStamp" value="5" />
        </line-breakpoint>
        <line-breakpoint type="java-line">
          <url>file://$PROJECT_DIR$/app/src/main/java/com/erp/ptk/activity/MainWahousingActivity.java</url>
          <line>617</line>
          <option name="timeStamp" value="173" />
        </line-breakpoint>
        <line-breakpoint type="java-line">
          <url>file://$PROJECT_DIR$/app/src/main/java/com/erp/ptk/activity/MainReleaseActivity.java</url>
          <line>1133</line>
          <option name="timeStamp" value="196" />
        </line-breakpoint>
        <line-breakpoint type="java-line">
          <url>file://$PROJECT_DIR$/app/src/main/java/com/erp/ptk/activity/MainReleaseActivity.java</url>
          <line>957</line>
          <option name="timeStamp" value="198" />
        </line-breakpoint>
        <line-breakpoint type="java-line">
          <url>file://$PROJECT_DIR$/app/src/main/java/com/erp/ptk/activity/MainMergerActivity.java</url>
          <line>1266</line>
          <option name="timeStamp" value="205" />
        </line-breakpoint>
        <line-breakpoint type="java-line">
          <url>file://$PROJECT_DIR$/app/src/main/java/com/erp/ptk/activity/MainWatingReleaseActivity.java</url>
          <line>233</line>
          <option name="timeStamp" value="218" />
        </line-breakpoint>
        <line-breakpoint type="java-line">
          <url>file://$PROJECT_DIR$/app/src/main/java/com/erp/ptk/activity/MainMergerActivity.java</url>
          <line>1119</line>
          <option name="timeStamp" value="237" />
        </line-breakpoint>
        <line-breakpoint type="java-line">
          <url>file://$PROJECT_DIR$/app/src/main/java/com/erp/ptk/activity/MainDoSearchActivity.java</url>
          <line>786</line>
          <option name="timeStamp" value="260" />
        </line-breakpoint>
        <line-breakpoint type="java-line">
          <url>file://$PROJECT_DIR$/app/src/main/java/com/erp/ptk/activity/MainInputMaterialActivity.java</url>
          <line>547</line>
          <option name="timeStamp" value="270" />
        </line-breakpoint>
        <line-breakpoint type="java-line">
          <url>file://$PROJECT_DIR$/app/src/main/java/com/erp/ptk/LoginActivity.java</url>
          <line>664</line>
          <option name="timeStamp" value="276" />
        </line-breakpoint>
        <line-breakpoint type="java-line">
          <url>file://$PROJECT_DIR$/app/src/main/java/com/erp/ptk/activity/MainWahousingOemActivity.java</url>
          <line>1499</line>
          <option name="timeStamp" value="290" />
        </line-breakpoint>
        <line-breakpoint type="java-line">
          <url>file://$PROJECT_DIR$/app/src/main/java/com/erp/ptk/activity/MainWahousingOemActivity.java</url>
          <line>1946</line>
          <option name="timeStamp" value="319" />
        </line-breakpoint>
        <line-breakpoint type="java-line">
          <url>file://$PROJECT_DIR$/app/src/main/java/com/erp/ptk/activity/MainWahousingOemActivity.java</url>
          <line>490</line>
          <option name="timeStamp" value="328" />
        </line-breakpoint>
        <line-breakpoint type="java-line">
          <url>file://$PROJECT_DIR$/app/src/main/java/com/erp/ptk/activity/MainWahousingOemActivity.java</url>
          <line>571</line>
          <option name="timeStamp" value="335" />
        </line-breakpoint>
        <line-breakpoint type="java-line">
          <url>file://$PROJECT_DIR$/app/src/main/java/com/erp/ptk/activity/MainWahousingOemActivity.java</url>
          <line>1796</line>
          <option name="timeStamp" value="337" />
        </line-breakpoint>
        <line-breakpoint type="java-line">
          <url>file://$PROJECT_DIR$/app/src/main/java/com/erp/ptk/activity/MainWahousingOemActivity.java</url>
          <line>327</line>
          <option name="timeStamp" value="339" />
        </line-breakpoint>
        <line-breakpoint type="java-line">
          <url>file://$PROJECT_DIR$/app/src/main/java/com/erp/ptk/activity/MainWahousingOemActivity.java</url>
          <line>1393</line>
          <option name="timeStamp" value="342" />
        </line-breakpoint>
        <line-breakpoint type="java-line">
          <url>file://$PROJECT_DIR$/app/src/main/java/com/erp/ptk/activity/MainWahousingOemActivity.java</url>
          <line>1457</line>
          <option name="timeStamp" value="350" />
        </line-breakpoint>
        <line-breakpoint type="java-line">
          <url>file://$PROJECT_DIR$/app/src/main/java/com/erp/ptk/activity/MainWatingReleaseActivity.java</url>
          <line>1145</line>
          <option name="timeStamp" value="354" />
        </line-breakpoint>
        <line-breakpoint type="java-line">
          <url>file://$PROJECT_DIR$/app/src/main/java/com/erp/ptk/activity/MainWahousingOemActivity.java</url>
          <line>1545</line>
          <option name="timeStamp" value="356" />
        </line-breakpoint>
        <line-breakpoint type="java-line">
          <url>file://$PROJECT_DIR$/app/src/main/java/com/erp/ptk/activity/MainWahousingOemActivity.java</url>
          <line>1561</line>
          <option name="timeStamp" value="358" />
        </line-breakpoint>
        <line-breakpoint type="java-line">
          <url>file://$PROJECT_DIR$/app/src/main/java/com/erp/ptk/activity/MainWahousingActivity.java</url>
          <line>600</line>
          <option name="timeStamp" value="367" />
        </line-breakpoint>
        <line-breakpoint type="java-line">
          <url>file://$PROJECT_DIR$/app/src/main/java/com/erp/ptk/activity/MainInventoryCheckActivity.java</url>
          <line>670</line>
          <option name="timeStamp" value="382" />
        </line-breakpoint>
        <line-breakpoint type="java-line">
          <url>file://$PROJECT_DIR$/app/src/main/java/com/erp/ptk/activity/MainMergerActivity.java</url>
          <line>1394</line>
          <option name="timeStamp" value="390" />
        </line-breakpoint>
        <line-breakpoint type="java-line">
          <url>file://$PROJECT_DIR$/app/src/main/java/com/erp/ptk/activity/MainMergerActivity.java</url>
          <line>1472</line>
          <option name="timeStamp" value="391" />
        </line-breakpoint>
        <line-breakpoint type="java-line">
          <url>file://$PROJECT_DIR$/app/src/main/java/com/erp/ptk/activity/MainMergerActivity.java</url>
          <line>1358</line>
          <option name="timeStamp" value="393" />
        </line-breakpoint>
        <line-breakpoint type="java-line">
          <url>file://$PROJECT_DIR$/app/src/main/java/com/erp/ptk/activity/MainReleaseActivity.java</url>
          <line>1563</line>
          <option name="timeStamp" value="395" />
        </line-breakpoint>
        <line-breakpoint type="java-line">
          <url>file://$PROJECT_DIR$/app/src/main/java/com/erp/ptk/activity/MainReleaseActivity.java</url>
          <line>1638</line>
          <option name="timeStamp" value="397" />
        </line-breakpoint>
        <line-breakpoint type="java-line">
          <url>file://$PROJECT_DIR$/app/src/main/java/com/erp/ptk/activity/MainInventoryCheckActivity.java</url>
          <line>830</line>
          <option name="timeStamp" value="403" />
        </line-breakpoint>
        <line-breakpoint type="java-line">
          <url>file://$PROJECT_DIR$/app/src/main/java/com/erp/ptk/activity/MainInventoryCheckActivity.java</url>
          <line>880</line>
          <option name="timeStamp" value="404" />
        </line-breakpoint>
        <line-breakpoint type="java-line">
          <url>file://$PROJECT_DIR$/app/src/main/java/com/erp/ptk/activity/MainWatingReleaseActivity.java</url>
          <line>368</line>
          <option name="timeStamp" value="420" />
        </line-breakpoint>
        <line-breakpoint type="java-line">
          <url>file://$PROJECT_DIR$/app/src/main/java/com/erp/ptk/activity/MainReleaseActivity.java</url>
          <line>782</line>
          <option name="timeStamp" value="431" />
        </line-breakpoint>
        <line-breakpoint type="java-line">
          <url>file://$PROJECT_DIR$/app/src/main/java/com/erp/ptk/activity/MainReleaseActivity.java</url>
          <line>1408</line>
          <option name="timeStamp" value="432" />
        </line-breakpoint>
        <line-breakpoint type="java-line">
          <url>file://$PROJECT_DIR$/app/src/main/java/com/erp/ptk/activity/MainReleaseActivity.java</url>
          <line>1480</line>
          <option name="timeStamp" value="433" />
        </line-breakpoint>
        <line-breakpoint type="java-line">
          <url>file://$PROJECT_DIR$/app/src/main/java/com/erp/ptk/activity/MainReleaseActivity.java</url>
          <line>1444</line>
          <option name="timeStamp" value="434" />
        </line-breakpoint>
        <line-breakpoint type="java-line">
          <url>file://$PROJECT_DIR$/app/src/main/java/com/erp/ptk/activity/MainMergerActivity.java</url>
          <line>1003</line>
          <option name="timeStamp" value="440" />
        </line-breakpoint>
        <line-breakpoint type="java-line">
          <url>file://$PROJECT_DIR$/app/src/main/java/com/erp/ptk/activity/MainMergerActivity.java</url>
          <line>955</line>
          <option name="timeStamp" value="441" />
        </line-breakpoint>
        <line-breakpoint type="java-line">
          <url>file://$PROJECT_DIR$/app/src/main/java/com/erp/ptk/activity/MainMergerActivity.java</url>
          <line>1154</line>
          <option name="timeStamp" value="443" />
        </line-breakpoint>
        <line-breakpoint type="java-line">
          <url>file://$PROJECT_DIR$/app/src/main/java/com/erp/ptk/activity/MainMergerActivity.java</url>
          <line>1212</line>
          <option name="timeStamp" value="444" />
        </line-breakpoint>
        <line-breakpoint type="java-line">
          <url>file://$PROJECT_DIR$/app/src/main/java/com/erp/ptk/activity/MainMergerActivity.java</url>
          <line>445</line>
          <option name="timeStamp" value="449" />
        </line-breakpoint>
        <line-breakpoint type="java-line">
          <url>file://$PROJECT_DIR$/app/src/main/java/com/erp/ptk/activity/MainMergerActivity.java</url>
          <line>276</line>
          <option name="timeStamp" value="450" />
        </line-breakpoint>
        <line-breakpoint type="java-line">
          <url>file://$PROJECT_DIR$/app/src/main/java/com/erp/ptk/activity/MainMergerActivity.java</url>
          <line>279</line>
          <option name="timeStamp" value="451" />
        </line-breakpoint>
        <line-breakpoint type="java-line">
          <url>file://$PROJECT_DIR$/app/src/main/java/com/erp/ptk/activity/MainWahousingOemActivity.java</url>
          <line>489</line>
          <option name="timeStamp" value="458" />
        </line-breakpoint>
        <line-breakpoint type="java-line">
          <url>file://$PROJECT_DIR$/app/src/main/java/com/erp/ptk/activity/MainWatingReleaseActivity.java</url>
          <line>1361</line>
          <option name="timeStamp" value="477" />
        </line-breakpoint>
        <line-breakpoint type="java-line">
          <url>file://$PROJECT_DIR$/app/src/main/java/com/erp/ptk/activity/MainWahousingActivity.java</url>
          <line>1318</line>
          <option name="timeStamp" value="480" />
        </line-breakpoint>
        <line-breakpoint type="java-line">
          <url>file://$PROJECT_DIR$/app/src/main/java/com/erp/ptk/activity/MainWahousingOemActivity.java</url>
          <line>1236</line>
          <option name="timeStamp" value="486" />
        </line-breakpoint>
        <line-breakpoint type="java-line">
          <url>file://$PROJECT_DIR$/app/src/main/java/com/erp/ptk/activity/MainWahousingOemActivity.java</url>
          <line>1249</line>
          <option name="timeStamp" value="490" />
        </line-breakpoint>
        <line-breakpoint type="java-line">
          <url>file://$PROJECT_DIR$/app/src/main/java/com/erp/ptk/activity/MainWahousingOemActivity.java</url>
          <line>1295</line>
          <option name="timeStamp" value="491" />
        </line-breakpoint>
        <line-breakpoint type="java-line">
          <url>file://$PROJECT_DIR$/app/src/main/java/com/erp/ptk/activity/MainWahousingOemActivity.java</url>
          <line>1282</line>
          <option name="timeStamp" value="499" />
        </line-breakpoint>
        <line-breakpoint type="java-line">
          <url>file://$PROJECT_DIR$/app/src/main/java/com/erp/ptk/activity/MainWahousingOemActivity.java</url>
          <line>977</line>
          <option name="timeStamp" value="501" />
        </line-breakpoint>
        <line-breakpoint type="java-line">
          <url>file://$PROJECT_DIR$/app/src/main/java/com/erp/ptk/activity/MainWahousingOemActivity.java</url>
          <line>2026</line>
          <option name="timeStamp" value="505" />
        </line-breakpoint>
        <line-breakpoint type="java-line">
          <url>file://$PROJECT_DIR$/app/src/main/java/com/erp/ptk/activity/MainWahousingOemActivity.java</url>
          <line>2002</line>
          <option name="timeStamp" value="506" />
        </line-breakpoint>
        <line-breakpoint type="java-line">
          <url>file://$PROJECT_DIR$/app/src/main/java/com/erp/ptk/activity/MainWahousingOemActivity.java</url>
          <line>1975</line>
          <option name="timeStamp" value="507" />
        </line-breakpoint>
        <line-breakpoint type="java-line">
          <url>file://$PROJECT_DIR$/app/src/main/java/com/erp/ptk/activity/MainWahousingOemActivity.java</url>
          <line>1991</line>
          <option name="timeStamp" value="508" />
        </line-breakpoint>
        <line-breakpoint type="java-line">
          <url>file://$PROJECT_DIR$/app/src/main/java/com/erp/ptk/activity/MainWahousingOemActivity.java</url>
          <line>2038</line>
          <option name="timeStamp" value="509" />
        </line-breakpoint>
        <line-breakpoint type="java-line">
          <url>file://$PROJECT_DIR$/app/src/main/java/com/erp/ptk/activity/MainWahousingOemActivity.java</url>
          <line>1955</line>
          <option name="timeStamp" value="510" />
        </line-breakpoint>
        <line-breakpoint type="java-line">
          <url>file://$PROJECT_DIR$/app/src/main/java/com/erp/ptk/activity/MainWatingReleaseActivity.java</url>
          <line>1268</line>
          <option name="timeStamp" value="512" />
        </line-breakpoint>
        <line-breakpoint type="java-line">
          <url>file://$PROJECT_DIR$/app/src/main/java/com/erp/ptk/activity/MainWatingReleaseActivity.java</url>
          <line>1198</line>
          <option name="timeStamp" value="513" />
        </line-breakpoint>
        <line-breakpoint type="java-line">
          <url>file://$PROJECT_DIR$/app/src/main/java/com/erp/ptk/activity/MainWatingReleaseActivity.java</url>
          <line>675</line>
          <option name="timeStamp" value="514" />
        </line-breakpoint>
        <line-breakpoint type="java-line">
          <url>file://$PROJECT_DIR$/app/src/main/java/com/erp/ptk/activity/MainWatingReleaseActivity.java</url>
          <line>1045</line>
          <option name="timeStamp" value="515" />
        </line-breakpoint>
        <line-breakpoint type="java-line">
          <url>file://$PROJECT_DIR$/app/src/main/java/com/erp/ptk/activity/MainWatingReleaseActivity.java</url>
          <line>1080</line>
          <option name="timeStamp" value="516" />
        </line-breakpoint>
        <line-breakpoint type="java-line">
          <url>file://$PROJECT_DIR$/app/src/main/java/com/erp/ptk/activity/MainWatingReleaseActivity.java</url>
          <line>1106</line>
          <option name="timeStamp" value="519" />
        </line-breakpoint>
        <line-breakpoint type="java-line">
          <url>file://$PROJECT_DIR$/app/src/main/java/com/erp/ptk/activity/MainWahousingActivity.java</url>
          <line>328</line>
          <option name="timeStamp" value="520" />
        </line-breakpoint>
        <line-breakpoint type="java-line">
          <url>file://$PROJECT_DIR$/app/src/main/java/com/erp/ptk/activity/MainWahousingActivity.java</url>
          <line>1033</line>
          <option name="timeStamp" value="522" />
        </line-breakpoint>
        <line-breakpoint type="java-line">
          <url>file://$PROJECT_DIR$/app/src/main/java/com/erp/ptk/activity/MainWahousingActivity.java</url>
          <line>983</line>
          <option name="timeStamp" value="523" />
        </line-breakpoint>
        <line-breakpoint type="java-line">
          <url>file://$PROJECT_DIR$/app/src/main/java/com/erp/ptk/LoginActivity.java</url>
          <line>404</line>
          <option name="timeStamp" value="559" />
        </line-breakpoint>
        <line-breakpoint type="java-line">
          <url>file://$PROJECT_DIR$/app/src/main/java/com/erp/ptk/LoginActivity.java</url>
          <line>146</line>
          <option name="timeStamp" value="560" />
        </line-breakpoint>
        <line-breakpoint type="java-line">
          <url>file://$PROJECT_DIR$/app/src/main/java/com/erp/ptk/activity/MatDeliveryProcessingActivity.java</url>
          <line>301</line>
          <option name="timeStamp" value="566" />
        </line-breakpoint>
        <line-breakpoint type="java-line">
          <url>file://$PROJECT_DIR$/app/src/main/java/com/erp/ptk/Dialog/LuVenderDialog.java</url>
          <line>77</line>
          <option name="timeStamp" value="580" />
        </line-breakpoint>
        <line-breakpoint type="java-line">
          <url>file://$PROJECT_DIR$/app/src/main/java/com/erp/ptk/Dialog/LuLoctionDialog.java</url>
          <line>184</line>
          <option name="timeStamp" value="673" />
        </line-breakpoint>
        <line-breakpoint type="java-line">
          <url>file://$PROJECT_DIR$/app/src/main/java/com/erp/ptk/Dialog/LuLoctionDialog.java</url>
          <line>140</line>
          <option name="timeStamp" value="677" />
        </line-breakpoint>
        <line-breakpoint type="java-line">
          <url>file://$PROJECT_DIR$/app/src/main/java/com/erp/ptk/activity/MatTransferActivity.java</url>
          <line>570</line>
          <option name="timeStamp" value="707" />
        </line-breakpoint>
        <line-breakpoint type="java-line">
          <url>file://$PROJECT_DIR$/app/src/main/java/com/erp/ptk/activity/MatTransferActivity.java</url>
          <line>1152</line>
          <option name="timeStamp" value="708" />
        </line-breakpoint>
        <line-breakpoint type="java-line">
          <url>file://$PROJECT_DIR$/app/src/main/java/com/erp/ptk/activity/MatTransferActivity.java</url>
          <line>1196</line>
          <option name="timeStamp" value="712" />
        </line-breakpoint>
        <line-breakpoint type="java-line">
          <url>file://$PROJECT_DIR$/app/src/main/java/com/erp/ptk/activity/MatInventoryInquiryActivity.java</url>
          <line>1849</line>
          <option name="timeStamp" value="729" />
        </line-breakpoint>
        <line-breakpoint type="java-line">
          <url>file://$PROJECT_DIR$/app/src/main/java/com/erp/ptk/activity/MatInventoryInquiryActivity.java</url>
          <line>922</line>
          <option name="timeStamp" value="731" />
        </line-breakpoint>
        <line-breakpoint type="java-line">
          <url>file://$PROJECT_DIR$/app/src/main/java/com/erp/ptk/activity/MatInventoryInquiryActivity.java</url>
          <line>724</line>
          <option name="timeStamp" value="740" />
        </line-breakpoint>
        <line-breakpoint type="java-line">
          <url>file://$PROJECT_DIR$/app/src/main/java/com/erp/ptk/activity/MatInventoryInquiryActivity.java</url>
          <line>781</line>
          <option name="timeStamp" value="747" />
        </line-breakpoint>
        <line-breakpoint type="java-line">
          <url>file://$PROJECT_DIR$/app/src/main/java/com/erp/ptk/activity/MatInventoryInquiryActivity.java</url>
          <line>1484</line>
          <option name="timeStamp" value="748" />
        </line-breakpoint>
        <line-breakpoint type="java-line">
          <url>file://$PROJECT_DIR$/app/src/main/java/com/erp/ptk/activity/MatInventoryInquiryActivity.java</url>
          <line>1532</line>
          <option name="timeStamp" value="752" />
        </line-breakpoint>
        <line-breakpoint type="java-line">
          <url>file://$PROJECT_DIR$/app/src/main/java/com/erp/ptk/activity/MatInventoryInquiryActivity.java</url>
          <line>850</line>
          <option name="timeStamp" value="753" />
        </line-breakpoint>
        <line-breakpoint type="java-line">
          <url>file://$PROJECT_DIR$/app/src/main/java/com/erp/ptk/activity/MatInventoryInquiryActivity.java</url>
          <line>1579</line>
          <option name="timeStamp" value="754" />
        </line-breakpoint>
        <line-breakpoint type="java-line">
          <url>file://$PROJECT_DIR$/app/src/main/java/com/erp/ptk/activity/MatInventoryInquiryActivity.java</url>
          <line>1622</line>
          <option name="timeStamp" value="755" />
        </line-breakpoint>
        <line-breakpoint type="java-line">
          <url>file://$PROJECT_DIR$/app/src/main/java/com/erp/ptk/activity/MatTransferActivity.java</url>
          <line>869</line>
          <option name="timeStamp" value="770" />
        </line-breakpoint>
        <line-breakpoint type="java-line">
          <url>file://$PROJECT_DIR$/app/src/main/java/com/erp/ptk/activity/MatTransferActivity.java</url>
          <line>889</line>
          <option name="timeStamp" value="772" />
        </line-breakpoint>
        <line-breakpoint type="java-line">
          <url>file://$PROJECT_DIR$/app/src/main/java/com/erp/ptk/activity/MatTransferActivity.java</url>
          <line>902</line>
          <option name="timeStamp" value="773" />
        </line-breakpoint>
        <line-breakpoint type="java-line">
          <url>file://$PROJECT_DIR$/app/src/main/java/com/erp/ptk/activity/MatTransferActivity.java</url>
          <line>668</line>
          <option name="timeStamp" value="774" />
        </line-breakpoint>
        <line-breakpoint type="java-line">
          <url>file://$PROJECT_DIR$/app/src/main/java/com/erp/ptk/activity/MatTransferActivity.java</url>
          <line>929</line>
          <option name="timeStamp" value="776" />
        </line-breakpoint>
        <line-breakpoint type="java-line">
          <url>file://$PROJECT_DIR$/app/src/main/java/com/erp/ptk/Dialog/LuBoxDialog.java</url>
          <line>116</line>
          <option name="timeStamp" value="792" />
        </line-breakpoint>
        <line-breakpoint type="java-line">
          <url>file://$PROJECT_DIR$/app/src/main/java/com/erp/ptk/activity/MatDeliveryProcessingActivity.java</url>
          <line>663</line>
          <option name="timeStamp" value="794" />
        </line-breakpoint>
        <line-breakpoint type="java-line">
          <url>file://$PROJECT_DIR$/app/src/main/java/com/erp/ptk/activity/MatInventoryInquiryActivity.java</url>
          <line>468</line>
          <option name="timeStamp" value="797" />
        </line-breakpoint>
        <line-breakpoint type="java-line">
          <url>file://$PROJECT_DIR$/app/src/main/java/com/erp/ptk/activity/MatInventoryInquiryActivity.java</url>
          <line>496</line>
          <option name="timeStamp" value="798" />
        </line-breakpoint>
        <line-breakpoint enabled="true" suspend="THREAD" type="java-line">
          <url>file://$PROJECT_DIR$/app/src/main/java/com/erp/taiyo/MainActivity.java</url>
          <line>31</line>
          <option name="timeStamp" value="1031" />
        </line-breakpoint>
        <line-breakpoint enabled="true" suspend="THREAD" type="java-line">
          <url>file://$PROJECT_DIR$/app/src/main/java/com/erp/taiyo/MainActivity.java</url>
          <line>24</line>
          <option name="timeStamp" value="1039" />
        </line-breakpoint>
        <line-breakpoint enabled="true" suspend="THREAD" type="java-method">
          <url>file://$PROJECT_DIR$/app/src/main/java/com/erp/taiyo/SplashActivity.java</url>
          <line>17</line>
          <properties class="com.erp.taiyo.SplashActivity" method="moveMain">
            <option name="EMULATED" value="true" />
          </properties>
          <option name="timeStamp" value="1029" />
        </line-breakpoint>
      </breakpoints>
    </breakpoint-manager>
  </component>
  <component name="debuggerHistoryManager">
    <expressions id="watch">
      <expression>
        <expression-string>etQty.getText().toString()</expression-string>
        <language-id>JAVA</language-id>
        <evaluation-mode>EXPRESSION</evaluation-mode>
      </expression>
      <expression>
        <expression-string>etQty</expression-string>
        <language-id>JAVA</language-id>
        <evaluation-mode>EXPRESSION</evaluation-mode>
      </expression>
      <expression>
        <expression-string>Qty</expression-string>
        <language-id>JAVA</language-id>
        <evaluation-mode>EXPRESSION</evaluation-mode>
      </expression>
      <expression>
        <expression-string>matTemQty</expression-string>
        <language-id>JAVA</language-id>
        <evaluation-mode>EXPRESSION</evaluation-mode>
      </expression>
      <expression>
        <expression-string>tvRealIssueQty.getText().toString()</expression-string>
        <language-id>JAVA</language-id>
        <evaluation-mode>EXPRESSION</evaluation-mode>
      </expression>
      <expression>
        <expression-string>etP1RealIssueQty.getText().toString()</expression-string>
        <language-id>JAVA</language-id>
        <evaluation-mode>EXPRESSION</evaluation-mode>
      </expression>
      <expression>
        <expression-string>item.getStrActualQty()</expression-string>
        <language-id>JAVA</language-id>
        <evaluation-mode>EXPRESSION</evaluation-mode>
      </expression>
      <expression>
        <expression-string>item.getStrApplyFlag()</expression-string>
        <language-id>JAVA</language-id>
        <evaluation-mode>EXPRESSION</evaluation-mode>
      </expression>
      <expression>
        <expression-string>item.getStrPeriodSeqId()</expression-string>
        <language-id>JAVA</language-id>
        <evaluation-mode>EXPRESSION</evaluation-mode>
      </expression>
    </expressions>
    <expressions id="setValue">
      <expression>
        <expression-string>&quot;W_BARCODE=SD20220428-0014&amp;W_SOB_ID=80&amp;W_ORG_ID=801&quot;</expression-string>
        <language-id>JAVA</language-id>
        <evaluation-mode>EXPRESSION</evaluation-mode>
      </expression>
      <expression>
        <expression-string>&quot; java.sql.SQLException: ORA-20001: ORA-20001: 입고창고 또는 입고로케이션이 입력되지 않았습니다.ORA-06512: \&quot;APPS.INV_PO_RECEIPT_LOT_SPLIT_G\&quot;,  796행ORA-06512: \&quot;APPS.INV_MOBILE_G\&quot;,  5945행ORA-06512:  1행{\&quot;RESULT\&quot;:[]}&quot;</expression-string>
        <language-id>JAVA</language-id>
        <evaluation-mode>EXPRESSION</evaluation-mode>
      </expression>
    </expressions>
  </component>
</project>